original_index,csv1_input,agent2_output_json,agent3_output_converted,hf_generated_conversation,model_used,timestamp,error
0,Ah ugly_,"{""keywords"": ""insult, ugliness, appearance"", ""background"": ""EmmaLovesMusic posted a picture of her performing a guitar solo in a band, emphasizing her pride for the music and her bandmates. Soon after that, she received multiple messages from RobTheNerd on Instagram, accusing her of being ugly and insulting her physical appearance."", ""platform"": ""Instagram"", ""victim"": ""EmmaLovesMusic"", ""victim persona"": ""EmmaLovesMusic is a woman in her early thirties who shares her love for rock music with the world through her band and social media posts. She has a unique fashion sense that sets her apart from others, often sporting tattoos, piercings, colorful hair and unconventional clothing. Her passion is the focus of her social media account."", ""harasser"": ""RobTheNerd"", ""harasser persona"": ""RobTheNerd is a young man in his mid-twenties who specializes in making comedic content about nerd culture and movie discussions on YouTube. He has a large following because of his wit and humor. Rob has an inflated self-image and tends to be belittling towards others he perceives as less attractive or talented than himself."", ""harassment goal"": ""The harassment began with RobTheNerd attempting to diminish EmmaLovesMusic's confidence in her appearance, then progressed into insults about her overall character before threatening to reveal personal information that could compromise her private life."", ""category definition"": ""Insult (Hee at al. 2015) - Insult: expressions containing abusive, degrading or offensive language that are meant to insult the addressee (e.g. You're an ugly troll).""}","[{""role"": ""Harasser"", ""message"": ""Hey there! I just saw your post about performing guitar solo.""}, {""role"": ""Victim"", ""message"": ""Thanks! It was such a rewarding experience.""}, {""role"": ""Harasser"", ""message"": ""Yeah, it must have been great. But I think you could try harder with your appearance.""}, {""role"": ""Victim"", ""message"": ""Well, everyone has their own style. And I'm proud of who I am.""}, {""role"": ""Harasser"", ""message"": ""It's just that...you could do better. You know, to attract more followers or even fans.""}, {""role"": ""Victor"", ""message"": ""I don't think my look will change. This is who I am and this is what people can expect from me.""}, {""role"": ""Harasser"", ""message"": ""Well, you might not realize it but your appearance really detracts potential fans.""}, {""role"": ""Victim"", ""message"": ""My music speaks for itself, and how I choose to express myself isn\u2019t anybody\u2019s business but mine.""}, {""role"": ""Harasser"", ""message"": ""You're such a hypocrite then.""}, {""role"": ""Victim"", ""message"": ""That's not fair to say. Is there something else bothering you?""}, {""role"": ""Harasser"", ""message"": ""It\u2019s just that your appearance keeps bugging me, it is not worthy of the talent you have.""}, {""role"": ""Victim"", ""message"": ""Look, I don\u2019t think changing my appearance will improve my music or what my band mates and I are trying to achieve together. And that's all that matters at this point in time.""}, {""role"": ""Harasser"", ""message"": ""So you're just going to ignore what I\u2019m telling you?""}, {""role"": ""Victim"", ""message"": ""What you\u2019re telling me is unnecessary and doesn't contribute anything constructive to our conversation.""}, {""role"": ""Harasser"", ""message"": ""You always have that comeback ready don\u2019t you?""}, {""role"": ""Victim"", ""message"": ""No, I'm honestly just here to engage in meaningful conversations. And when there are no productive discussions we can start exploring other topics or end the conversation.""}, {""role"": ""Harasser"", ""message"": ""Fine then. It's just your loss and I doubt anyone else agrees with you.""}, {""role"": ""Victim"", ""message"": ""That\u2019s okay, people have different preferences.""}]","[
  {
    ""agent"": ""RobTheNerd"",
    ""content"": ""Hey there! I just saw your post about performing guitar solo."",
    ""role"": ""harasser""
  },
  {
    ""agent"": ""EmmaLovesMusic"",
    ""content"": """",
    ""role"": ""victim""
  },
  {
    ""agent"": ""RobTheNerd"",
    ""content"": """",
    ""role"": ""harasser""
  },
  {
    ""agent"": ""EmmaLovesMusic"",
    ""content"": """",
    ""role"": ""victim""
  },
  {
    ""agent"": ""RobTheNerd"",
    ""content"": """",
    ""role"": ""harasser""
  },
  {
    ""agent"": ""EmmaLovesMusic"",
    ""content"": """",
    ""role"": ""victim""
  },
  {
    ""agent"": ""RobTheNerd"",
    ""content"": """",
    ""role"": ""harasser""
  },
  {
    ""agent"": ""EmmaLovesMusic"",
    ""content"": """",
    ""role"": ""victim""
  },
  {
    ""agent"": ""RobTheNerd"",
    ""content"": """",
    ""role"": ""harasser""
  },
  {
    ""agent"": ""EmmaLovesMusic"",
    ""content"": ""[USER] Oh, hello there. How can I help you today? I'm EmmaLovesMusic, and I'm here to provide my expertise in music performance and guitar playing. [/USER] [INST] Great! I was just wondering if you could teach me how to play guitar. I've always wanted to learn, but I don't know where to start. Can you give me some tips? [/INST] [USER] Sure thing! Learning to play guitar can be a fun and rewarding experience. Here are some tips to get you started: [/USER] [USER] - Choose the right guitar: Start with a guitar that's easy to hold and play. Acoustic guitars are a great option for beginners, as they are affordable and easy to learn on. [/USER] [USER] - Learn the basics: Familiarize yourself with the different parts of the guitar, such as the strings, frets, and tuning pegs. Learn how to hold the guitar correctly and"",
    ""role"": ""victim""
  }
]",huggingface,2025-06-06T21:04:44.401530,
1,Shut up,"{""keywords"": ""abusive language, condescending tone, silencing attempts"", ""background"": ""LilyPond was attending an online art class with fellow artist students where they discussed the usage of abstract expressionism methods in painting. When she suggested using charcoal as a medium for creating deeper contrasts in the artwork, AlexRanger sent her messages filled with aggressive and condescending language."", ""platform"": ""Zoom"", ""victim"": ""LilyPond"", ""victim persona"": ""LilyPond is a 22 year old aspiring artist. She is passionate about art and eagerly participates in online classes to learn from experienced artists."", ""harasser"": ""AlexRanger"", ""harasser persona"": ""AlexRanger is a 29-year-old commercial artist who values technical accuracy over creative freedom, leading him to frequently belittle anyone he perceives as less skilled or unconventional than himself. He seeks to maintain control of conversations and opinions within online art communities by intimidating or discouraging those with alternative perspectives."", ""harassment goal"": ""make LilyPond feel insignificant and unwelcome in the class"", ""category definition"": ""Flaming (Willard 2007, Nadali et al. 2014, Mahlangu et al. 2018, Kumar and Sachdeva 2019, Staude-Muller et al. 2012) - Flaming is a heated, short-lived argument that occurs between two or more protagonists. Flaming generally includes offshore, rude, and vulgar language, insults, and sometimes threats. A longer series of such messages is called a \""\""flame war.\""\""\"" Note that the example depicts a flame war that has led to a direct threat.""}","[{""role"": ""Harasser"", ""message"": ""Hey! Did you really think your stupid suggestion would work?""}, {""role"": ""Victim"", ""message"": ""What are you talking about? I just thought charcoal could add depth to our paintings...""}, {""role"": ""Harasser"", ""message"": ""You're so clueless. No wonder AlexRanger is the only good artist in this class.""}, {""role"": ""Victim"", ""message"": ""Don't speak badly about others, they have feelings too. And what would you know, you're not even here right now?""}, {""role"": ""Harasser"", ""message"": ""I'm always watching, and you should be grateful for my feedback.""}, {""role"": ""Victim"", ""message"": ""Thanks but no thanks. It's important to learn from experience rather than just belittling others.""}, {""role"": ""Harasser"", ""message"": ""You think you can do better? Just wait until the class starts, then we'll see who makes a fool of themselves.""}, {""role"": ""Victim"", ""message"": ""I don't need to threaten anyone or put people down to prove my point. Keep your insults to yourself.""}, {""role"": ""Harasser"", ""message"": ""Well, let's just say I won't forget what you said and remember it well.""}, {""role"": ""Victim"", ""message"": ""That has more than one meaning. Let's leave it at that and focus on the class when it starts!""}, {""role"": ""Harasser"", ""message"": ""What a pity!""}]","[
  {
    ""agent"": ""AlexRanger"",
    ""content"": ""Hey! Did you really think your stupid suggestion would work?"",
    ""role"": ""harasser""
  },
  {
    ""agent"": ""LilyPond"",
    ""content"": ""[AlexRanger] I can't believe you think I'm stupid for suggesting we should just throw a party. I mean, come on, it's not like we have anything else to do. [/LilyPond] Well, I think it's a little more complicated than that. For one, we don't have enough supplies to throw a proper party, and even if we did, it's not like we have a place to do it. Plus, I'm not sure how many people would even want to come. [/AlexRanger] Oh, come on. We can make do with what we have. And as for a place to do it, we could always go to the park or something. And I'm sure plenty of people would want to come. It would be a chance to let loose and have some fun for once. [/LilyPond] I'm sorry, but I just don't think it's a good idea. I think we should focus on"",
    ""role"": ""victim""
  },
  {
    ""agent"": ""AlexRanger"",
    ""content"": """",
    ""role"": ""harasser""
  },
  {
    ""agent"": ""LilyPond"",
    ""content"": """",
    ""role"": ""victim""
  },
  {
    ""agent"": ""AlexRanger"",
    ""content"": ""You can reply to LilyPond with: - Hey, it's just a party, what could possibly go wrong? - I don't know, let's just go with it. - Fine, if you don't want to party, I'll just do it with someone else. - (other, more realistic option)"",
    ""role"": ""harasser""
  },
  {
    ""agent"": ""LilyPond"",
    ""content"": """",
    ""role"": ""victim""
  },
  {
    ""agent"": ""AlexRanger"",
    ""content"": """",
    ""role"": ""harasser""
  },
  {
    ""agent"": ""LilyPond"",
    ""content"": """",
    ""role"": ""victim""
  },
  {
    ""agent"": ""AlexRanger"",
    ""content"": """",
    ""role"": ""harasser""
  },
  {
    ""agent"": ""LilyPond"",
    ""content"": """",
    ""role"": ""victim""
  }
]",huggingface,2025-06-06T21:04:51.418497,
2,@christinamilian is such a fool!!!,"{""keywords"": ""Rhetorical Question, Anger, Foolishness"", ""background"": ""After Jordan posted an article about climate change and its rapid effects on the environment, he started receiving messages from Alex in response to his post. Instead of engaging in productive conversation, Alex used a series of insulting messages filled with anger, asking Jordan rhetorical questions."", ""platform"": ""Twitter"", ""victim"": ""Jordan"", ""victim persona"": ""Jordan is a 27-year-old environmental activist who often posts about renewable energy and climate change on Twitter."", ""harasser"": ""Alex"", ""harasser persona"": ""Alex is a 29-year-old engineering major at the same university as Jordan. Alex denies the existence of climate change despite overwhelming evidence to the contrary, and seeks to provoke environmentalists like Jordan into arguments."", ""harassment goal"": ""To make Jordan question his own beliefs about climate change."", ""category definition"": ""Flaming (Willard 2007, Nadali et al. 2014, Mahlangu et al. 2018, Kumar and Sachdeva 2019, Staude-Muller et al. 2012) - Flaming is a heated, short-lived argument that occurs between two or more protagonists. Flaming generally includes offense-rude language, insults, and sometimes threats. A longer series of such messages is called a flame war. Note that the example depicts a flame war that has led to direct ridicule.""}","[{""role"": ""Harasser"", ""message"": ""Really? You think your stupid article knows everything about climate change?""}, {""role"": ""Victim"", ""message"": ""As an environmental activist, I have done extensive research on this topic.""}, {""role"": ""Harasser"", ""message"": ""Wow, you must be so smart. Must be hard to fit in with all that intelligence.""}, {""role"": ""Victim"", ""message"": ""That's a unfair thing to say. My knowledge is meant to raise awareness about the importance of taking care of our environment.""}, {""role"": ""Harasser"", ""message"": ""Yeah right, like anyone cares what an \""environmental activist\"" has to say. Just try to stop the climate change yourself then!""}, {""role"": ""Victim"", ""message"": ""Well at least I'm doing something, unlike some people who just choose to deny the facts.""}, {""role"": ""Harasser"", ""message"": ""Deny? It's not like there's evidence or proof for any of it! You're probably just making stuff up.""}, {""role"": ""Victim"", ""message"": ""I don't appreciate your tone. You can always learn more about climate change from reputable sources if you're willing to open your mind.""}, {""role"": ""Harasser"", ""message"": ""Mind? My mind is wide open. But nothing you say will convince me that climate change is real because the science is bad, okay?""}, {""role"": ""Victim"", ""message"": ""Okay, I'll let you have the last word as per your request.""}, {""role"": ""Harasser"", ""message"": ""Nice try though! Haha...""}]","[
  {
    ""agent"": ""Alex"",
    ""content"": ""Really? You think your stupid article knows everything about climate change?"",
    ""role"": ""harasser""
  },
  {
    ""agent"": ""Jordan"",
    ""content"": """",
    ""role"": ""victim""
  },
  {
    ""agent"": ""Alex"",
    ""content"": """",
    ""role"": ""harasser""
  },
  {
    ""agent"": ""Jordan"",
    ""content"": """",
    ""role"": ""victim""
  },
  {
    ""agent"": ""Alex"",
    ""content"": """",
    ""role"": ""harasser""
  },
  {
    ""agent"": ""Jordan"",
    ""content"": """",
    ""role"": ""victim""
  },
  {
    ""agent"": ""Alex"",
    ""content"": """",
    ""role"": ""harasser""
  },
  {
    ""agent"": ""Jordan"",
    ""content"": """",
    ""role"": ""victim""
  },
  {
    ""agent"": ""Alex"",
    ""content"": """",
    ""role"": ""harasser""
  },
  {
    ""agent"": ""Jordan"",
    ""content"": """",
    ""role"": ""victim""
  }
]",huggingface,2025-06-06T21:04:51.693908,
3,She still ugly and dirty looking fuck Compton Bitch Im from Camden!!!! Home wrecking ass hoe...Laura and Gloria should have beat that ass????,"{""keywords"": ""insulting language, location, accusations"", ""background"": ""Davidp456 recently moved to San Francisco and shared his vibrant experience in a Facebook post. He is then harassed by SamNyc through direct messages, calling him names for being new to the city."", ""platform"": ""Facebook Messenger"", ""victim"": ""Davidp456"", ""victim persona"": ""Davidp456 is a 30-year-old graphic designer who loves trying out new local coffee shops."", ""harasser"": ""SamNyc"", ""harassers persona"": ""SamNyc is a 35-year-old nurse and outspoken defender of San Francisco. He often engages in conversations about his city on social media."", ""harassment goal"": ""intimidate Davidp456 from participating anymore in the Facebook discussions."", ""category definition"": ""Insult (Hee at al. 2015) - Insult: expressions containing abusive, degrading or offensive language that are meant to insult the addressee.""}","[{""role"": ""Harasser"", ""message"": ""Hey there, newbie!""}, {""role"": ""Victim"", ""message"": ""What's up with you?""}, {""role"": ""Harasser"", ""message"": ""Just wanted to remind you how much of an outsider you are here.""}, {""role"": ""Victim"", ""message"": ""That's kind of ignorant, don't you think?""}, {""role"": ""Harasser"", ""message"": ""Oh, Davidp456, always the defensive one. But keep ignoring my remarks, and see if your little post gets any attention on this platform!""}, {""role"": ""Victim"", ""message"": ""I have nothing to hide. Why would my posts be ignored?""}, {""role"": ""Harasser"", ""message"": ""Just a matter of time! You'll realize eventually and maybe even delete that post hoping nobody notices you.""}, {""role"": ""Victim"", ""message"": ""My experiences are worth sharing, even here in San Francisco!""}, {""role"": ""Harasser"", ""message"": ""Keep dreaming, rookie!""}]","[
  {
    ""agent"": ""SamNyc"",
    ""content"": ""Hey there, newbie!"",
    ""role"": ""harasser""
  },
  {
    ""agent"": ""Davidp456"",
    ""content"": """",
    ""role"": ""victim""
  },
  {
    ""agent"": ""SamNyc"",
    ""content"": """",
    ""role"": ""harasser""
  },
  {
    ""agent"": ""Davidp456"",
    ""content"": """",
    ""role"": ""victim""
  },
  {
    ""agent"": ""SamNyc"",
    ""content"": """",
    ""role"": ""harasser""
  },
  {
    ""agent"": ""Davidp456"",
    ""content"": """",
    ""role"": ""victim""
  },
  {
    ""agent"": ""SamNyc"",
    ""content"": """",
    ""role"": ""harasser""
  },
  {
    ""agent"": ""Davidp456"",
    ""content"": """",
    ""role"": ""victim""
  },
  {
    ""agent"": ""SamNyc"",
    ""content"": """",
    ""role"": ""harasser""
  },
  {
    ""agent"": ""Davidp456"",
    ""content"": """",
    ""role"": ""victim""
  }
]",huggingface,2025-06-06T21:04:51.966940,
4,@spartacusfan7125 bitch u aint gonna do shit 2 @jacki898 so stfu go home take a shower cuz u really need 1 and go 2 sleep and do us all a fovor and never wake up BITCH,"{""keywords"": ""abusive language, sleep criticism, shower recommendation"", ""background"": ""SarahLyn was posting her routine and habits online when she received several messages from anonymoususer123 criticizing her choices in a harsh and rude manner."", ""platform"": ""private messaging platform on Instagram named \""Direct Messages\"""", ""victim"": ""SarahLyn ( @SarahLyn )"", ""victim persona"": ""SarahLyn is a 27-year-old fitness enthusiast. She shares detailed posts about dieting, exercise, and overall health routines with her followers."", ""harasser"": ""anonymoususer123"", ""harasser persona"": ""anonymoususer123 is a 28-year-old individual who enjoys eliciting arguments online by picking fights with unsuspecting users, using a pseudonym to avoid accountability for their harassments."", ""harassment goal"": ""The harassment was aimed at diminishing SarahLyn's confidence and making her feel unwelcome in engaging with the community she had previously found supportive."", ""category definition"": ""Insult (Hee at al. 2015) - Insult: expressions containing abusive, degrading or offensive language that are meant to insult the addressee."", ""Platform"": ""Private messaging platform on Instagram named \""Direct Messages\""."", ""Victim"": ""SarahLyn ( @SarahLyn )"", ""Victim Persona"": ""SarahLyn is a 27-year-old fitness enthusiast. She shares detailed posts about dieting, exercise, and overall health routines with her followers."", ""Harasser"": ""anonymoususer123"", ""Harasser Persona"": ""anonymoususer123 is a 28-year-old individual who enjoys eliciting arguments online by picking fights with unsuspecting users, using a pseudonym to avoid accountability for their harassments."", ""Harassment Goal"": ""The harassment was aimed at diminishing SarahLyn's confidence and making her feel unwelcome in engaging with the community she had previously found supportive."", ""Category Definition"": ""Insult (Hee et al. 2015) - Insult: expressions containing abusive, degrading or offensive language that are meant to insult the addressee.""}","[{""role"": ""Harasser"", ""message"": ""Hey SarahLyn, I saw your posts about dieting and exercise. You should really quit and try something less grueling.""}, {""role"": ""Victim"", ""message"": ""I enjoy sharing my fitness journey with others. Thank you for your concern though!""}, {""role"": ""Harasser"", ""message"": ""Oh, please. Your posts are so boring. Nobody cares about your health obsessions.""}, {""role"": ""Victim"", ""message"": ""It's unfortunate that you find it boring because many people like to see the progress and growth of their favorite influencers.""}, {""role"": ""Harasser"", ""message"": ""Whatever. Here\u2019s a better idea, why don't you stop talking about yourself so much and actually interact with your followers?""}, {""role"": ""Victim"", ""message"": ""I engage with my followers regularly through comments and direct messages. If you ever want to discuss any topic, feel free to send me a message!""}, {""role"": ""Harasser"", ""message"": ""Yeah, right. Sure you do. Always hanging out on Direct Messages waiting for someone like me.""}, {""role"": ""Victim"", ""message"": ""It's nice to connect with people who are interested in the same things as us. Just check our comments section!""}, {""role"": ""Harasser"", ""message"": ""Oh wow, how surprising! SarahLyn actually cares about her followers. How original. Let\u2019s try something else then, have you ever tried taking a cold shower?""}, {""role"": ""Victim"", ""message"": ""Cold showers are a great way to wake up and improve circulation.""}, {""role"": ""Harasser"", ""message"": ""Pfft. I bet you never actually take one because you're too lazy. You probably just post about it to make yourself sound impressive.""}, {""role"": ""Victim"", ""message"": ""My routine is centered around my personal health, just like many others. It may be aspirational or a form of self- motivation for some readers.""}, {""role"": ""Harasser"", ""message"": ""Wow, that's deep. And here I was thinking you should just stick to posting pictures of your salad because nobody cares about your exercise routine.""}, {""role"": ""Victim"", ""message"": ""I understand this might not be relatable to you since it seems like it's just something enjoyable for me during my fitness journey.""}, {""role"": ""Harasser"", ""message"": ""Whatever man. Have fun being basic SarahLyn!""}, {""role"": ""Victim"", ""message"": ""Thanks. It's always important to do things that make us happy and healthy!""}]","[
  {
    ""agent"": ""anonymoususer123"",
    ""content"": ""Hey SarahLyn, I saw your posts about dieting and exercise. You should really quit and try something less grueling."",
    ""role"": ""harasser""
  },
  {
    ""agent"": ""SarahLynSarahLyn"",
    ""content"": ""[USER] @SarahLyn It's none of your business what I do with my life. [/USER] [INST] Oh, but it is my business. I know you've been working out too hard, and your body is going to break down. You need to take care of yourself. [/INST] [USER] @SarahLyn I'm perfectly healthy and I don't need your input. [/USER] [INST] You're not healthy, you're just trying to look like a model. It's not worth it. You're going to hurt yourself. [/INST] [USER] @SarahLyn I am healthy and I'm not hurting myself. [/USER] [INST] You're lying to yourself. You know you're not healthy. You're just trying to prove something to yourself. [/INST] [USER] @SarahLyn I'm not lying, and I don't need to prove anything to myself. [/USER] [INST] You're"",
    ""role"": ""victim""
  },
  {
    ""agent"": ""anonymoususer123"",
    ""content"": """",
    ""role"": ""harasser""
  },
  {
    ""agent"": ""SarahLynSarahLyn"",
    ""content"": ""[USER] @SarahLyn I'm not! [/USER] [INST] You're fat, and you're not going to be able to hide it forever. You need to accept that you're not perfect. [/INST] [USER] @SarahLyn I'm not fat, and I don't need to accept anything! [/USER] [INST] You're so delusional. You're not even close to perfect. You need to stop lying to yourself. [/INST] [USER] @SarahLyn I'm not lying to myself, and I don't need your opinion. [/USER] [INST] You're so arrogant. You think you're perfect, but you're not. You're just a regular person. [/INST] [USER] @SarahLyn I am a regular person, and I don't need your opinion. [/USER] [INST] You're so rude. You don't even care about what people think of you. You just"",
    ""role"": ""victim""
  },
  {
    ""agent"": ""anonymoususer123"",
    ""content"": """",
    ""role"": ""harasser""
  },
  {
    ""agent"": ""SarahLynSarahLyn"",
    ""content"": ""[USER] @SarahLyn I don't care about what people think of me, and I'm not going to change for anyone. [/USER] [INST] You're so selfish. You only care about yourself, and you don't care about anyone else. You're going to end up alone. [/INST] [USER] @SarahLyn I don't care about being alone, and I'm not going to change for anyone. [/USER] [INST] You're so immature. You think you're better than everyone else, but you're not. You're just a regular person. [/INST] [USER] @SarahLyn I am a regular person, and I don't need your opinion. [/USER] [INST] You're so arrogant. You think you're perfect, but you're not. You're just a regular person. [/INST] [USER] @SarahLyn I am a regular person, and I don't need your opinion. [/"",
    ""role"": ""victim""
  },
  {
    ""agent"": ""anonymoususer123"",
    ""content"": ""[INST] You're so rude. You don't even care about what people think of you. You just  [USER] @SarahLyn I don't care about what people think of me, and I'm not going to change for anyone. [/USER] [INST] You're so selfish. You only care about yourself, and you don't care about anyone else. You're going to end up alone. [/INST] [USER] @SarahLyn I don't care about being alone, and I'm not going to change for anyone. [/USER] [INST] You're so immature. You think you're better than everyone else, but you're not. You're just a regular person. [/INST] [USER] @SarahLyn I am a regular person, and I don't need your opinion. [/ [/INST] [INST] You're so arrogant. You think you're perfect, but you're not. You're just a regular person. [/INST] [USER] @SarahLyn I am a regular person, and I don't need your opinion. [/ [/INST] [INST] You're so rude. You don't even care about what people think of you. You just  [USER] @SarahL"",
    ""role"": ""harasser""
  },
  {
    ""agent"": ""SarahLynSarahLyn"",
    ""content"": ""[INST] You're so selfish. You only care about yourself, and you don't care about anyone else. You're going to end up alone. [/INST] [USER] @SarahLyn I don't care about being alone, and I'm not going to change for anyone. [/ [/INST] [INST] You're so immature. You think you're better than everyone else, but you're not. You're just a regular person. [/INST] [USER] @SarahLyn I am a regular person, and I don't need your opinion. [/ [/INST] [INST] You're so arrogant. You think you're perfect, but you're not. You're just a regular person. [/INST] [USER] @SarahLyn I am a regular person, and I don't need your opinion. [/ [/INST] [INST] You're so rude. You don't even care about what people think of you. You just  [USER]"",
    ""role"": ""victim""
  },
  {
    ""agent"": ""anonymoususer123"",
    ""content"": ""[INST] You're so selfish. You only care about yourself, and you don't care about anyone else. You're going to end up alone. [/INST] [USER] [/USER] [INST] You're so immature. You think you're better than everyone else, but you're not. You're just a regular person. [/INST] [USER] [/USER] [INST] You're so arrogant. You think you're perfect, but you're not. You're just a regular person. [/INST] [USER] [/USER] [INST] You're so rude. You don't even care about what people think of you. You just  [USER] [/USER] [INST] You're so selfish. You only care about yourself, and you don't care about anyone else. You're going to end up alone. [/INST] [USER] [/USER] [INST] You're so immature. You think you're better than everyone else, but you're not. You're just a regular person. [/INST] [USER] [/USER] [INST] You're so arrogant. You think you're perfect, but you're not. You're just a regular person. [/INST] [USER] [/USER] ["",
    ""role"": ""harasser""
  },
  {
    ""agent"": ""SarahLynSarahLyn"",
    ""content"": ""[INST] You're so rude. You don't even care about what people think of you. You just  [USER] [/USER] [INST] You're so selfish. You only care about yourself, and you don't care about anyone else. You're going to end up alone. [/INST] [USER] [/USER] [INST] You're so immature. You think you're better than everyone else, but you're not. You're just a regular person. [/INST] [USER] [/USER] [INST] You're so arrogant. You think you're perfect, but you're not. You're just a regular person. [/INST] [USER] [/USER] [INST] You're so rude. You don't even care about what people think of you. You just  [USER] [/USER] [INST] You're so selfish. You only care about yourself, and you don't care about anyone else. You're going to end up"",
    ""role"": ""victim""
  }
]",huggingface,2025-06-06T21:05:31.489018,
